RM,Capital,UF,Municipio_Acentuado,Municipio
Região Integrada de Desenvolvimento do Distrito Federal e Entorno,Brasília,DISTRITO FEDERAL,BRASÍLIA,BRASILIA
Região Integrada de Desenvolvimento do Distrito Federal e Entorno,Brasília,DISTRITO FEDERAL,ABADIÂNIA,ABADIANIA
Região Integrada de Desenvolvimento do Distrito Federal e Entorno,Brasília,DISTRITO FEDERAL,ÁGUA FRIA DE GOIÁS,AGUA FRIA DE GOIAS
Região Integrada de Desenvolvimento do Distrito Federal e Entorno,Brasília,DISTRITO FEDERAL,ÁGUAS LINDAS DE GOIÁS,AGUAS LINDAS DE GOIAS
Região Integrada de Desenvolvimento do Distrito Federal e Entorno,Brasília,DISTRITO FEDERAL,ALEXÂNIA,ALEXANIA
Região Integrada de Desenvolvimento do Distrito Federal e Entorno,Brasília,DISTRITO FEDERAL,ALTO PARAÍSO DE GOIÁS,ALTO PARAISO DE GOIAS
Região Integrada de Desenvolvimento do Distrito Federal e Entorno,Brasília,DISTRITO FEDERAL,ALVORADA DO NORTE,ALVORADA DO NORTE
Região Integrada de Desenvolvimento do Distrito Federal e Entorno,Brasília,DISTRITO FEDERAL,BARRO ALTO,BARRO ALTO
Região Integrada de Desenvolvimento do Distrito Federal e Entorno,Brasília,DISTRITO FEDERAL,CABECEIRAS,CABECEIRAS
Região Integrada de Desenvolvimento do Distrito Federal e Entorno,Brasília,DISTRITO FEDERAL,CAVALCANTE,CAVALCANTE
Região Integrada de Desenvolvimento do Distrito Federal e Entorno,Brasília,DISTRITO FEDERAL,CIDADE OCIDENTAL,CIDADE OCIDENTAL
Região Integrada de Desenvolvimento do Distrito Federal e Entorno,Brasília,DISTRITO FEDERAL,COCALZINHO DE GOIÁS,COCALZINHO DE GOIAS
Região Integrada de Desenvolvimento do Distrito Federal e Entorno,Brasília,DISTRITO FEDERAL,CORUMBÁ DE GOIÁS,CORUMBA DE GOIAS
Região Integrada de Desenvolvimento do Distrito Federal e Entorno,Brasília,DISTRITO FEDERAL,CRISTALINA,CRISTALINA
Região Integrada de Desenvolvimento do Distrito Federal e Entorno,Brasília,DISTRITO FEDERAL,FLORES DE GOIÁS,FLORES DE GOIAS
Região Integrada de Desenvolvimento do Distrito Federal e Entorno,Brasília,DISTRITO FEDERAL,FORMOSA,FORMOSA
Região Integrada de Desenvolvimento do Distrito Federal e Entorno,Brasília,DISTRITO FEDERAL,GOIANÉSIA,GOIANESIA
Região Integrada de Desenvolvimento do Distrito Federal e Entorno,Brasília,DISTRITO FEDERAL,LUZIÂNIA,LUZIANIA
Região Integrada de Desenvolvimento do Distrito Federal e Entorno,Brasília,DISTRITO FEDERAL,MIMOSO DE GOIÁS,MIMOSO DE GOIAS
Região Integrada de Desenvolvimento do Distrito Federal e Entorno,Brasília,DISTRITO FEDERAL,NIQUELÂNDIA,NIQUELANDIA
Região Integrada de Desenvolvimento do Distrito Federal e Entorno,Brasília,DISTRITO FEDERAL,NOVO GAMA,NOVO GAMA
Região Integrada de Desenvolvimento do Distrito Federal e Entorno,Brasília,DISTRITO FEDERAL,PADRE BERNARDO,PADRE BERNARDO
Região Integrada de Desenvolvimento do Distrito Federal e Entorno,Brasília,DISTRITO FEDERAL,PIRENÓPOLIS,PIRENOPOLIS
Região Integrada de Desenvolvimento do Distrito Federal e Entorno,Brasília,DISTRITO FEDERAL,PLANALTINA,PLANALTINA
Região Integrada de Desenvolvimento do Distrito Federal e Entorno,Brasília,DISTRITO FEDERAL,SANTO ANTÔNIO DO DESCOBERTO,SANTO ANTONIO DO DESCOBERTO
Região Integrada de Desenvolvimento do Distrito Federal e Entorno,Brasília,DISTRITO FEDERAL,SÃO JOÃO D'ALIANÇA,SAO JOAO D'ALIANCA
Região Integrada de Desenvolvimento do Distrito Federal e Entorno,Brasília,DISTRITO FEDERAL,SIMOLÂNDIA,SIMOLANDIA
Região Integrada de Desenvolvimento do Distrito Federal e Entorno,Brasília,DISTRITO FEDERAL,VALPARAÍSO DE GOIÁS,VALPARAISO DE GOIAS
Região Integrada de Desenvolvimento do Distrito Federal e Entorno,Brasília,DISTRITO FEDERAL,VILA BOA,VILA BOA
Região Integrada de Desenvolvimento do Distrito Federal e Entorno,Brasília,DISTRITO FEDERAL,ARINOS,ARINOS
Região Integrada de Desenvolvimento do Distrito Federal e Entorno,Brasília,DISTRITO FEDERAL,BURITIS,BURITIS
Região Integrada de Desenvolvimento do Distrito Federal e Entorno,Brasília,DISTRITO FEDERAL,CABECEIRA GRANDE,CABECEIRA GRANDE
Região Integrada de Desenvolvimento do Distrito Federal e Entorno,Brasília,DISTRITO FEDERAL,UNAÍ,UNAI
Região Integrada de Desenvolvimento do Distrito Federal e Entorno,Brasília,DISTRITO FEDERAL,VILA PROPÍCIO,VILA PROPICIO
Região Metropolitana de Goiânia,Goiânia,GOIAS,ABADIA DE GOIÁS,ABADIA DE GOIAS
Região Metropolitana de Goiânia,Goiânia,GOIAS,APARECIDA DE GOIÂNIA,APARECIDA DE GOIANIA
Região Metropolitana de Goiânia,Goiânia,GOIAS,ARAGOIÂNIA,ARAGOIANIA
Região Metropolitana de Goiânia,Goiânia,GOIAS,BELA VISTA DE GOIÁS,BELA VISTA DE GOIAS
Região Metropolitana de Goiânia,Goiânia,GOIAS,BONFINÓPOLIS,BONFINOPOLIS
Região Metropolitana de Goiânia,Goiânia,GOIAS,BRAZABRANTES,BRAZABRANTES
Região Metropolitana de Goiânia,Goiânia,GOIAS,CALDAZINHA,CALDAZINHA
Região Metropolitana de Goiânia,Goiânia,GOIAS,CATURAÍ,CATURAI
Região Metropolitana de Goiânia,Goiânia,GOIAS,GOIANÁPOLIS,GOIANAPOLIS
Região Metropolitana de Goiânia,Goiânia,GOIAS,GOIÂNIA,GOIANIA
Região Metropolitana de Goiânia,Goiânia,GOIAS,GOIANIRA,GOIANIRA
Região Metropolitana de Goiânia,Goiânia,GOIAS,GUAPÓ,GUAPO
Região Metropolitana de Goiânia,Goiânia,GOIAS,HIDROLÂNDIA,HIDROLANDIA
Região Metropolitana de Goiânia,Goiânia,GOIAS,INHUMAS,INHUMAS
Região Metropolitana de Goiânia,Goiânia,GOIAS,NERÓPOLIS,NEROPOLIS
Região Metropolitana de Goiânia,Goiânia,GOIAS,NOVA VENEZA,NOVA VENEZA
Região Metropolitana de Goiânia,Goiânia,GOIAS,SANTA BÁRBARA DE GOIÁS,SANTA BARBARA DE GOIAS
Região Metropolitana de Goiânia,Goiânia,GOIAS,SANTO ANTÔNIO DE GOIÁS,SANTO ANTONIO DE GOIAS
Região Metropolitana de Goiânia,Goiânia,GOIAS,SENADOR CANEDO,SENADOR CANEDO
Região Metropolitana de Goiânia,Goiânia,GOIAS,TEREZÓPOLIS DE GOIÁS,TEREZOPOLIS DE GOIAS
Região Metropolitana de Goiânia,Goiânia,GOIAS,TRINDADE,TRINDADE
Região Metropolitana do Vale do Rio Cuiabá,Cuiabá,MATO GROSSO,BARÃO DE MELGAÇO,BARAO DE MELGACO
Região Metropolitana do Vale do Rio Cuiabá,Cuiabá,MATO GROSSO,JANGADA,JANGADA
Região Metropolitana do Vale do Rio Cuiabá,Cuiabá,MATO GROSSO,NOBRES,NOBRES
Região Metropolitana do Vale do Rio Cuiabá,Cuiabá,MATO GROSSO,NOVA BRASILÂNDIA,NOVA BRASILANDIA
Região Metropolitana do Vale do Rio Cuiabá,Cuiabá,MATO GROSSO,PLANALTO DA SERRA,PLANALTO DA SERRA
Região Metropolitana do Vale do Rio Cuiabá,Cuiabá,MATO GROSSO,POCONÉ,POCONE
Região Metropolitana do Vale do Rio Cuiabá,Cuiabá,MATO GROSSO,ROSÁRIO OESTE,ROSARIO OESTE
Região Metropolitana do Vale do Rio Cuiabá,Cuiabá,MATO GROSSO,ACORIZAL,ACORIZAL
Região Metropolitana do Vale do Rio Cuiabá,Cuiabá,MATO GROSSO,CHAPADA DOS GUIMARÃES,CHAPADA DOS GUIMARAES
Região Metropolitana do Vale do Rio Cuiabá,Cuiabá,MATO GROSSO,CUIABÁ,CUIABA
Região Metropolitana do Vale do Rio Cuiabá,Cuiabá,MATO GROSSO,NOSSA SENHORA DO LIVRAMENTO,NOSSA SENHORA DO LIVRAMENTO
Região Metropolitana do Vale do Rio Cuiabá,Cuiabá,MATO GROSSO,SANTO ANTÔNIO DO LEVERGER,SANTO ANTONIO DO LEVERGER
Região Metropolitana do Vale do Rio Cuiabá,Cuiabá,MATO GROSSO,VÁRZEA GRANDE,VARZEA GRANDE
Campo Grande,Campo Grande,MATO GROSSO DO SUL,CAMPO GRANDE,CAMPO GRANDE
Região Metropolitana de Maceió,Maceió,ALAGOAS,BARRA DE SANTO ANTÔNIO,BARRA DE SANTO ANTONIO
Região Metropolitana de Maceió,Maceió,ALAGOAS,BARRA DE SÃO MIGUEL,BARRA DE SAO MIGUEL
Região Metropolitana de Maceió,Maceió,ALAGOAS,COQUEIRO SECO,COQUEIRO SECO
Região Metropolitana de Maceió,Maceió,ALAGOAS,MACEIÓ,MACEIO
Região Metropolitana de Maceió,Maceió,ALAGOAS,MARECHAL DEODORO,MARECHAL DEODORO
Região Metropolitana de Maceió,Maceió,ALAGOAS,MESSIAS,MESSIAS
Região Metropolitana de Maceió,Maceió,ALAGOAS,MURICI,MURICI
Região Metropolitana de Maceió,Maceió,ALAGOAS,PARIPUEIRA,PARIPUEIRA
Região Metropolitana de Maceió,Maceió,ALAGOAS,PILAR,PILAR
Região Metropolitana de Maceió,Maceió,ALAGOAS,RIO LARGO,RIO LARGO
Região Metropolitana de Maceió,Maceió,ALAGOAS,SANTA LUZIA DO NORTE,SANTA LUZIA DO NORTE
Região Metropolitana de Maceió,Maceió,ALAGOAS,SATUBA,SATUBA
Região Metropolitana de Salvador,Salvador,BAHIA,CAMAÇARI,CAMACARI
Região Metropolitana de Salvador,Salvador,BAHIA,CANDEIAS,CANDEIAS
Região Metropolitana de Salvador,Salvador,BAHIA,DIAS D'ÁVILA,DIAS D'AVILA
Região Metropolitana de Salvador,Salvador,BAHIA,ITAPARICA,ITAPARICA
Região Metropolitana de Salvador,Salvador,BAHIA,LAURO DE FREITAS,LAURO DE FREITAS
Região Metropolitana de Salvador,Salvador,BAHIA,MADRE DE DEUS,MADRE DE DEUS
Região Metropolitana de Salvador,Salvador,BAHIA,MATA DE SÃO JOÃO,MATA DE SAO JOAO
Região Metropolitana de Salvador,Salvador,BAHIA,POJUCA,POJUCA
Região Metropolitana de Salvador,Salvador,BAHIA,SALVADOR,SALVADOR
Região Metropolitana de Salvador,Salvador,BAHIA,SÃO FRANCISCO DO CONDE,SAO FRANCISCO DO CONDE
Região Metropolitana de Salvador,Salvador,BAHIA,SÃO SEBASTIÃO DO PASSÉ,SAO SEBASTIAO DO PASSE
Região Metropolitana de Salvador,Salvador,BAHIA,SIMÕES FILHO,SIMOES FILHO
Região Metropolitana de Salvador,Salvador,BAHIA,VERA CRUZ,VERA CRUZ
Região Metropolitana de Fortaleza,Fortaleza,CEARA,AQUIRAZ,AQUIRAZ
Região Metropolitana de Fortaleza,Fortaleza,CEARA,CASCAVEL,CASCAVEL
Região Metropolitana de Fortaleza,Fortaleza,CEARA,CAUCAIA,CAUCAIA
Região Metropolitana de Fortaleza,Fortaleza,CEARA,CHOROZINHO,CHOROZINHO
Região Metropolitana de Fortaleza,Fortaleza,CEARA,EUSÉBIO,EUSEBIO
Região Metropolitana de Fortaleza,Fortaleza,CEARA,FORTALEZA,FORTALEZA
Região Metropolitana de Fortaleza,Fortaleza,CEARA,GUAIÚBA,GUAIUBA
Região Metropolitana de Fortaleza,Fortaleza,CEARA,HORIZONTE,HORIZONTE
Região Metropolitana de Fortaleza,Fortaleza,CEARA,ITAITINGA,ITAITINGA
Região Metropolitana de Fortaleza,Fortaleza,CEARA,MARACANAÚ,MARACANAU
Região Metropolitana de Fortaleza,Fortaleza,CEARA,MARANGUAPE,MARANGUAPE
Região Metropolitana de Fortaleza,Fortaleza,CEARA,PACAJUS,PACAJUS
Região Metropolitana de Fortaleza,Fortaleza,CEARA,PACATUBA,PACATUBA
Região Metropolitana de Fortaleza,Fortaleza,CEARA,PARACURU,PARACURU
Região Metropolitana de Fortaleza,Fortaleza,CEARA,PARAIPABA,PARAIPABA
Região Metropolitana de Fortaleza,Fortaleza,CEARA,PINDORETAMA,PINDORETAMA
Região Metropolitana de Fortaleza,Fortaleza,CEARA,SÃO GONÇALO DO AMARANTE,SAO GONCALO DO AMARANTE
Região Metropolitana de Fortaleza,Fortaleza,CEARA,SÃO LUÍS DO CURU,SAO LUIS DO CURU
Região Metropolitana de Fortaleza,Fortaleza,CEARA,TRAIRI,TRAIRI
Região Metropolitana da Grande São Luís,São Luís,MARANHAO,ALCÂNTARA,ALCANTARA
Região Metropolitana da Grande São Luís,São Luís,MARANHAO,AXIXÁ,AXIXA
Região Metropolitana da Grande São Luís,São Luís,MARANHAO,BACABEIRA,BACABEIRA
Região Metropolitana da Grande São Luís,São Luís,MARANHAO,CACHOEIRA GRANDE,CACHOEIRA GRANDE
Região Metropolitana da Grande São Luís,São Luís,MARANHAO,ICATU,ICATU
Região Metropolitana da Grande São Luís,São Luís,MARANHAO,MORROS,MORROS
Região Metropolitana da Grande São Luís,São Luís,MARANHAO,PAÇO DO LUMIAR,PACO DO LUMIAR
Região Metropolitana da Grande São Luís,São Luís,MARANHAO,PRESIDENTE JUSCELINO,PRESIDENTE JUSCELINO
Região Metropolitana da Grande São Luís,São Luís,MARANHAO,RAPOSA,RAPOSA
Região Metropolitana da Grande São Luís,São Luís,MARANHAO,ROSÁRIO,ROSARIO
Região Metropolitana da Grande São Luís,São Luís,MARANHAO,SANTA RITA,SANTA RITA
Região Metropolitana da Grande São Luís,São Luís,MARANHAO,SÃO JOSÉ DE RIBAMAR,SAO JOSE DE RIBAMAR
Região Metropolitana da Grande São Luís,São Luís,MARANHAO,SÃO LUÍS,SAO LUIS
Região Metropolitana de João Pessoa,João Pessoa,PARAIBA,ALHANDRA,ALHANDRA
Região Metropolitana de João Pessoa,João Pessoa,PARAIBA,BAYEUX,BAYEUX
Região Metropolitana de João Pessoa,João Pessoa,PARAIBA,CAAPORÃ,CAAPORA
Região Metropolitana de João Pessoa,João Pessoa,PARAIBA,CABEDELO,CABEDELO
Região Metropolitana de João Pessoa,João Pessoa,PARAIBA,CONDE,CONDE
Região Metropolitana de João Pessoa,João Pessoa,PARAIBA,CRUZ DO ESPÍRITO SANTO,CRUZ DO ESPIRITO SANTO
Região Metropolitana de João Pessoa,João Pessoa,PARAIBA,JOÃO PESSOA,JOAO PESSOA
Região Metropolitana de João Pessoa,João Pessoa,PARAIBA,LUCENA,LUCENA
Região Metropolitana de João Pessoa,João Pessoa,PARAIBA,PEDRAS DE FOGO,PEDRAS DE FOGO
Região Metropolitana de João Pessoa,João Pessoa,PARAIBA,PITIMBU,PITIMBU
Região Metropolitana de João Pessoa,João Pessoa,PARAIBA,RIO TINTO,RIO TINTO
Região Metropolitana de João Pessoa,João Pessoa,PARAIBA,SANTA RITA,SANTA RITA
Região Metropolitana de Recife,Recife,PERNAMBUCO,ABREU E LIMA,ABREU E LIMA
Região Metropolitana de Recife,Recife,PERNAMBUCO,ARAÇOIABA,ARACOIABA
Região Metropolitana de Recife,Recife,PERNAMBUCO,CABO DE SANTO AGOSTINHO,CABO DE SANTO AGOSTINHO
Região Metropolitana de Recife,Recife,PERNAMBUCO,CAMARAGIBE,CAMARAGIBE
Região Metropolitana de Recife,Recife,PERNAMBUCO,GOIANA,GOIANA
Região Metropolitana de Recife,Recife,PERNAMBUCO,IGARASSU,IGARASSU
Região Metropolitana de Recife,Recife,PERNAMBUCO,ILHA DE ITAMARACÁ,ILHA DE ITAMARACA
Região Metropolitana de Recife,Recife,PERNAMBUCO,IPOJUCA,IPOJUCA
Região Metropolitana de Recife,Recife,PERNAMBUCO,ITAPISSUMA,ITAPISSUMA
Região Metropolitana de Recife,Recife,PERNAMBUCO,JABOATÃO DOS GUARARAPES,JABOATAO DOS GUARARAPES
Região Metropolitana de Recife,Recife,PERNAMBUCO,MORENO,MORENO
Região Metropolitana de Recife,Recife,PERNAMBUCO,OLINDA,OLINDA
Região Metropolitana de Recife,Recife,PERNAMBUCO,PAULISTA,PAULISTA
Região Metropolitana de Recife,Recife,PERNAMBUCO,RECIFE,RECIFE
Região Metropolitana de Recife,Recife,PERNAMBUCO,SÃO LOURENÇO DA MATA,SAO LOURENCO DA MATA
Região Integrada de Desenvolvimento da Grande Teresina,Teresina,PIAUI,ALTOS,ALTOS
Região Integrada de Desenvolvimento da Grande Teresina,Teresina,PIAUI,BENEDITINOS,BENEDITINOS
Região Integrada de Desenvolvimento da Grande Teresina,Teresina,PIAUI,COIVARAS,COIVARAS
Região Integrada de Desenvolvimento da Grande Teresina,Teresina,PIAUI,CURRALINHOS,CURRALINHOS
Região Integrada de Desenvolvimento da Grande Teresina,Teresina,PIAUI,DEMERVAL LOBÃO,DEMERVAL LOBAO
Região Integrada de Desenvolvimento da Grande Teresina,Teresina,PIAUI,JOSÉ DE FREITAS,JOSE DE FREITAS
Região Integrada de Desenvolvimento da Grande Teresina,Teresina,PIAUI,LAGOA ALEGRE,LAGOA ALEGRE
Região Integrada de Desenvolvimento da Grande Teresina,Teresina,PIAUI,LAGOA DO PIAUÍ,LAGOA DO PIAUI
Região Integrada de Desenvolvimento da Grande Teresina,Teresina,PIAUI,MIGUEL LEÃO,MIGUEL LEAO
Região Integrada de Desenvolvimento da Grande Teresina,Teresina,PIAUI,MONSENHOR GIL,MONSENHOR GIL
Região Integrada de Desenvolvimento da Grande Teresina,Teresina,PIAUI,NAZÁRIA,NAZARIA
Região Integrada de Desenvolvimento da Grande Teresina,Teresina,PIAUI,TERESINA,TERESINA
Região Integrada de Desenvolvimento da Grande Teresina,Teresina,PIAUI,TIMON,TIMON
Região Integrada de Desenvolvimento da Grande Teresina,Teresina,PIAUI,UNIÃO,UNIAO
Região Metropolitana de Natal,Natal,RIO GRANDE DO NORTE,ARÊS,ARES
Região Metropolitana de Natal,Natal,RIO GRANDE DO NORTE,BOM JESUS,BOM JESUS
Região Metropolitana de Natal,Natal,RIO GRANDE DO NORTE,CEARÁ-MIRIM,CEARA-MIRIM
Região Metropolitana de Natal,Natal,RIO GRANDE DO NORTE,EXTREMOZ,EXTREMOZ
Região Metropolitana de Natal,Natal,RIO GRANDE DO NORTE,GOIANINHA,GOIANINHA
Região Metropolitana de Natal,Natal,RIO GRANDE DO NORTE,IELMO MARINHO,IELMO MARINHO
Região Metropolitana de Natal,Natal,RIO GRANDE DO NORTE,MACAÍBA,MACAIBA
Região Metropolitana de Natal,Natal,RIO GRANDE DO NORTE,MAXARANGUAPE,MAXARANGUAPE
Região Metropolitana de Natal,Natal,RIO GRANDE DO NORTE,MONTE ALEGRE,MONTE ALEGRE
Região Metropolitana de Natal,Natal,RIO GRANDE DO NORTE,NATAL,NATAL
Região Metropolitana de Natal,Natal,RIO GRANDE DO NORTE,NÍSIA FLORESTA,NISIA FLORESTA
Região Metropolitana de Natal,Natal,RIO GRANDE DO NORTE,PARNAMIRIM,PARNAMIRIM
Região Metropolitana de Natal,Natal,RIO GRANDE DO NORTE,SÃO GONÇALO DO AMARANTE,SAO GONCALO DO AMARANTE
Região Metropolitana de Natal,Natal,RIO GRANDE DO NORTE,SÃO JOSÉ DE MIPIBU,SAO JOSE DE MIPIBU
Região Metropolitana de Natal,Natal,RIO GRANDE DO NORTE,VERA CRUZ,VERA CRUZ
Região Metropolitana de Aracaju,Aracaju,SERGIPE,ARACAJU,ARACAJU
Região Metropolitana de Aracaju,Aracaju,SERGIPE,BARRA DOS COQUEIROS,BARRA DOS COQUEIROS
Região Metropolitana de Aracaju,Aracaju,SERGIPE,NOSSA SENHORA DO SOCORRO,NOSSA SENHORA DO SOCORRO
Região Metropolitana de Aracaju,Aracaju,SERGIPE,SÃO CRISTÓVÃO,SAO CRISTOVAO
Região Metropolitana de Macapá,Macapá,AMAPA,MACAPÁ,MACAPA
Região Metropolitana de Macapá,Macapá,AMAPA,MAZAGÃO,MAZAGAO
Região Metropolitana de Macapá,Macapá,AMAPA,SANTANA,SANTANA
Região Metropolitana de Manaus,Manaus,AMAZONAS,AUTAZES,AUTAZES
Região Metropolitana de Manaus,Manaus,AMAZONAS,CAREIRO,CAREIRO
Região Metropolitana de Manaus,Manaus,AMAZONAS,CAREIRO DA VÁRZEA,CAREIRO DA VARZEA
Região Metropolitana de Manaus,Manaus,AMAZONAS,IRANDUBA,IRANDUBA
Região Metropolitana de Manaus,Manaus,AMAZONAS,ITACOATIARA,ITACOATIARA
Região Metropolitana de Manaus,Manaus,AMAZONAS,ITAPIRANGA,ITAPIRANGA
Região Metropolitana de Manaus,Manaus,AMAZONAS,MANACAPURU,MANACAPURU
Região Metropolitana de Manaus,Manaus,AMAZONAS,MANAQUIRI,MANAQUIRI
Região Metropolitana de Manaus,Manaus,AMAZONAS,MANAUS,MANAUS
Região Metropolitana de Manaus,Manaus,AMAZONAS,NOVO AIRÃO,NOVO AIRAO
Região Metropolitana de Manaus,Manaus,AMAZONAS,PRESIDENTE FIGUEIREDO,PRESIDENTE FIGUEIREDO
Região Metropolitana de Manaus,Manaus,AMAZONAS,RIO PRETO DA EVA,RIO PRETO DA EVA
Região Metropolitana de Manaus,Manaus,AMAZONAS,SILVES,SILVES
Região Metropolitana de Porto Velho,Porto Velho,RONDONIA,PORTO VELHO,PORTO VELHO
Região Metropolitana de Porto Velho,Porto Velho,RONDONIA,CANDEIAS DO JAMARI,CANDEIAS DO JAMARI
Rio Branco,Rio Branco,ACRE,RIO BRANCO,RIO BRANCO
Região Metropolitana da Capital,Boa Vista,RORAIMA,ALTO ALEGRE,ALTO ALEGRE
Região Metropolitana da Capital,Boa Vista,RORAIMA,BOA VISTA,BOA VISTA
Região Metropolitana da Capital,Boa Vista,RORAIMA,BONFIM,BONFIM
Região Metropolitana da Capital,Boa Vista,RORAIMA,CANTÁ,CANTA
Região Metropolitana da Capital,Boa Vista,RORAIMA,MUCAJAÍ,MUCAJAI
Região Metropolitana de Belém,Belém,PARA,ANANINDEUA,ANANINDEUA
Região Metropolitana de Belém,Belém,PARA,BELÉM,BELEM
Região Metropolitana de Belém,Belém,PARA,BENEVIDES,BENEVIDES
Região Metropolitana de Belém,Belém,PARA,CASTANHAL,CASTANHAL
Região Metropolitana de Belém,Belém,PARA,MARITUBA,MARITUBA
Região Metropolitana de Belém,Belém,PARA,SANTA BÁRBARA DO PARÁ,SANTA BARBARA DO PARA
Região Metropolitana de Belém,Belém,PARA,SANTA IZABEL DO PARÁ,SANTA IZABEL DO PARA
Região Metropolitana de Palmas,Palmas,TOCANTINS,APARECIDA DO RIO NEGRO,APARECIDA DO RIO NEGRO
Região Metropolitana de Palmas,Palmas,TOCANTINS,BARROLÂNDIA,BARROLANDIA
Região Metropolitana de Palmas,Palmas,TOCANTINS,BREJINHO DE NAZARÉ,BREJINHO DE NAZARE
Região Metropolitana de Palmas,Palmas,TOCANTINS,FÁTIMA,FATIMA
Região Metropolitana de Palmas,Palmas,TOCANTINS,IPUEIRAS,IPUEIRAS
Região Metropolitana de Palmas,Palmas,TOCANTINS,LAJEADO,LAJEADO
Região Metropolitana de Palmas,Palmas,TOCANTINS,MIRACEMA DO TOCANTINS,MIRACEMA DO TOCANTINS
Região Metropolitana de Palmas,Palmas,TOCANTINS,MIRANORTE,MIRANORTE
Região Metropolitana de Palmas,Palmas,TOCANTINS,MONTE DO CARMO,MONTE DO CARMO
Região Metropolitana de Palmas,Palmas,TOCANTINS,OLIVEIRA DE FÁTIMA,OLIVEIRA DE FATIMA
Região Metropolitana de Palmas,Palmas,TOCANTINS,PALMAS,PALMAS
Região Metropolitana de Palmas,Palmas,TOCANTINS,PARAÍSO DO TOCANTINS,PARAISO DO TOCANTINS
Região Metropolitana de Palmas,Palmas,TOCANTINS,PORTO NACIONAL,PORTO NACIONAL
Região Metropolitana de Palmas,Palmas,TOCANTINS,PUGMIL,PUGMIL
Região Metropolitana de Palmas,Palmas,TOCANTINS,SILVANÓPOLIS,SILVANOPOLIS
Região Metropolitana de Palmas,Palmas,TOCANTINS,TOCANTÍNIA,TOCANTINIA
Região Metropolitana da Grande Vitória,Vitória,ESPIRITO SANTO,CARIACICA,CARIACICA
Região Metropolitana da Grande Vitória,Vitória,ESPIRITO SANTO,FUNDÃO,FUNDAO
Região Metropolitana da Grande Vitória,Vitória,ESPIRITO SANTO,GUARAPARI,GUARAPARI
Região Metropolitana da Grande Vitória,Vitória,ESPIRITO SANTO,SERRA,SERRA
Região Metropolitana da Grande Vitória,Vitória,ESPIRITO SANTO,VIANA,VIANA
Região Metropolitana da Grande Vitória,Vitória,ESPIRITO SANTO,VILA VELHA,VILA VELHA
Região Metropolitana da Grande Vitória,Vitória,ESPIRITO SANTO,VITÓRIA,VITORIA
Região Metropolitana de Belo Horizonte,Belo Horizonte,MINAS GERAIS,BALDIM,BALDIM
Região Metropolitana de Belo Horizonte,Belo Horizonte,MINAS GERAIS,BELO HORIZONTE,BELO HORIZONTE
Região Metropolitana de Belo Horizonte,Belo Horizonte,MINAS GERAIS,BETIM,BETIM
Região Metropolitana de Belo Horizonte,Belo Horizonte,MINAS GERAIS,BRUMADINHO,BRUMADINHO
Região Metropolitana de Belo Horizonte,Belo Horizonte,MINAS GERAIS,CAETÉ,CAETE
Região Metropolitana de Belo Horizonte,Belo Horizonte,MINAS GERAIS,CAPIM BRANCO,CAPIM BRANCO
Região Metropolitana de Belo Horizonte,Belo Horizonte,MINAS GERAIS,CONFINS,CONFINS
Região Metropolitana de Belo Horizonte,Belo Horizonte,MINAS GERAIS,CONTAGEM,CONTAGEM
Região Metropolitana de Belo Horizonte,Belo Horizonte,MINAS GERAIS,ESMERALDAS,ESMERALDAS
Região Metropolitana de Belo Horizonte,Belo Horizonte,MINAS GERAIS,FLORESTAL,FLORESTAL
Região Metropolitana de Belo Horizonte,Belo Horizonte,MINAS GERAIS,IBIRITÉ,IBIRITE
Região Metropolitana de Belo Horizonte,Belo Horizonte,MINAS GERAIS,IGARAPÉ,IGARAPE
Região Metropolitana de Belo Horizonte,Belo Horizonte,MINAS GERAIS,ITAGUARA,ITAGUARA
Região Metropolitana de Belo Horizonte,Belo Horizonte,MINAS GERAIS,ITATIAIUÇU,ITATIAIUCU
Região Metropolitana de Belo Horizonte,Belo Horizonte,MINAS GERAIS,JABOTICATUBAS,JABOTICATUBAS
Região Metropolitana de Belo Horizonte,Belo Horizonte,MINAS GERAIS,JUATUBA,JUATUBA
Região Metropolitana de Belo Horizonte,Belo Horizonte,MINAS GERAIS,LAGOA SANTA,LAGOA SANTA
Região Metropolitana de Belo Horizonte,Belo Horizonte,MINAS GERAIS,MÁRIO CAMPOS,MARIO CAMPOS
Região Metropolitana de Belo Horizonte,Belo Horizonte,MINAS GERAIS,MATEUS LEME,MATEUS LEME
Região Metropolitana de Belo Horizonte,Belo Horizonte,MINAS GERAIS,MATOZINHOS,MATOZINHOS
Região Metropolitana de Belo Horizonte,Belo Horizonte,MINAS GERAIS,NOVA LIMA,NOVA LIMA
Região Metropolitana de Belo Horizonte,Belo Horizonte,MINAS GERAIS,NOVA UNIÃO,NOVA UNIAO
Região Metropolitana de Belo Horizonte,Belo Horizonte,MINAS GERAIS,PEDRO LEOPOLDO,PEDRO LEOPOLDO
Região Metropolitana de Belo Horizonte,Belo Horizonte,MINAS GERAIS,RAPOSOS,RAPOSOS
Região Metropolitana de Belo Horizonte,Belo Horizonte,MINAS GERAIS,RIBEIRÃO DAS NEVES,RIBEIRAO DAS NEVES
Região Metropolitana de Belo Horizonte,Belo Horizonte,MINAS GERAIS,RIO ACIMA,RIO ACIMA
Região Metropolitana de Belo Horizonte,Belo Horizonte,MINAS GERAIS,RIO MANSO,RIO MANSO
Região Metropolitana de Belo Horizonte,Belo Horizonte,MINAS GERAIS,SABARÁ,SABARA
Região Metropolitana de Belo Horizonte,Belo Horizonte,MINAS GERAIS,SANTA LUZIA,SANTA LUZIA
Região Metropolitana de Belo Horizonte,Belo Horizonte,MINAS GERAIS,SÃO JOAQUIM DE BICAS,SAO JOAQUIM DE BICAS
Região Metropolitana de Belo Horizonte,Belo Horizonte,MINAS GERAIS,SÃO JOSÉ DA LAPA,SAO JOSE DA LAPA
Região Metropolitana de Belo Horizonte,Belo Horizonte,MINAS GERAIS,SARZEDO,SARZEDO
Região Metropolitana de Belo Horizonte,Belo Horizonte,MINAS GERAIS,TAQUARAÇU DE MINAS,TAQUARACU DE MINAS
Região Metropolitana de Belo Horizonte,Belo Horizonte,MINAS GERAIS,VESPASIANO,VESPASIANO
Região Metropolitana do Rio de Janeiro,Rio de Janeiro,RIO DE JANEIRO,BELFORD ROXO,BELFORD ROXO
Região Metropolitana do Rio de Janeiro,Rio de Janeiro,RIO DE JANEIRO,CACHOEIRAS DE MACACU,CACHOEIRAS DE MACACU
Região Metropolitana do Rio de Janeiro,Rio de Janeiro,RIO DE JANEIRO,DUQUE DE CAXIAS,DUQUE DE CAXIAS
Região Metropolitana do Rio de Janeiro,Rio de Janeiro,RIO DE JANEIRO,GUAPIMIRIM,GUAPIMIRIM
Região Metropolitana do Rio de Janeiro,Rio de Janeiro,RIO DE JANEIRO,ITABORAÍ,ITABORAI
Região Metropolitana do Rio de Janeiro,Rio de Janeiro,RIO DE JANEIRO,ITAGUAÍ,ITAGUAI
Região Metropolitana do Rio de Janeiro,Rio de Janeiro,RIO DE JANEIRO,JAPERI,JAPERI
Região Metropolitana do Rio de Janeiro,Rio de Janeiro,RIO DE JANEIRO,MAGÉ,MAGE
Região Metropolitana do Rio de Janeiro,Rio de Janeiro,RIO DE JANEIRO,MARICÁ,MARICA
Região Metropolitana do Rio de Janeiro,Rio de Janeiro,RIO DE JANEIRO,MESQUITA,MESQUITA
Região Metropolitana do Rio de Janeiro,Rio de Janeiro,RIO DE JANEIRO,NILÓPOLIS,NILOPOLIS
Região Metropolitana do Rio de Janeiro,Rio de Janeiro,RIO DE JANEIRO,NITERÓI,NITEROI
Região Metropolitana do Rio de Janeiro,Rio de Janeiro,RIO DE JANEIRO,NOVA IGUAÇU,NOVA IGUACU
Região Metropolitana do Rio de Janeiro,Rio de Janeiro,RIO DE JANEIRO,PARACAMBI,PARACAMBI
Região Metropolitana do Rio de Janeiro,Rio de Janeiro,RIO DE JANEIRO,PETRÓPOLIS,PETROPOLIS
Região Metropolitana do Rio de Janeiro,Rio de Janeiro,RIO DE JANEIRO,QUEIMADOS,QUEIMADOS
Região Metropolitana do Rio de Janeiro,Rio de Janeiro,RIO DE JANEIRO,RIO BONITO,RIO BONITO
Região Metropolitana do Rio de Janeiro,Rio de Janeiro,RIO DE JANEIRO,RIO DE JANEIRO,RIO DE JANEIRO
Região Metropolitana do Rio de Janeiro,Rio de Janeiro,RIO DE JANEIRO,SÃO GONÇALO,SAO GONCALO
Região Metropolitana do Rio de Janeiro,Rio de Janeiro,RIO DE JANEIRO,SÃO JOÃO DE MERITI,SAO JOAO DE MERITI
Região Metropolitana do Rio de Janeiro,Rio de Janeiro,RIO DE JANEIRO,SEROPÉDICA,SEROPEDICA
Região Metropolitana do Rio de Janeiro,Rio de Janeiro,RIO DE JANEIRO,TANGUÁ,TANGUA
Região Metropolitana de São Paulo,São Paulo,SAO PAULO,ARUJÁ,ARUJA
Região Metropolitana de São Paulo,São Paulo,SAO PAULO,BIRITIBA MIRIM,BIRITIBA MIRIM
Região Metropolitana de São Paulo,São Paulo,SAO PAULO,FERRAZ DE VASCONCELOS,FERRAZ DE VASCONCELOS
Região Metropolitana de São Paulo,São Paulo,SAO PAULO,GUARAREMA,GUARAREMA
Região Metropolitana de São Paulo,São Paulo,SAO PAULO,GUARULHOS,GUARULHOS
Região Metropolitana de São Paulo,São Paulo,SAO PAULO,ITAQUAQUECETUBA,ITAQUAQUECETUBA
Região Metropolitana de São Paulo,São Paulo,SAO PAULO,MOGI DAS CRUZES,MOGI DAS CRUZES
Região Metropolitana de São Paulo,São Paulo,SAO PAULO,POÁ,POA
Região Metropolitana de São Paulo,São Paulo,SAO PAULO,SALESÓPOLIS,SALESOPOLIS
Região Metropolitana de São Paulo,São Paulo,SAO PAULO,SANTA ISABEL,SANTA ISABEL
Região Metropolitana de São Paulo,São Paulo,SAO PAULO,SUZANO,SUZANO
Região Metropolitana de São Paulo,São Paulo,SAO PAULO,CAIEIRAS,CAIEIRAS
Região Metropolitana de São Paulo,São Paulo,SAO PAULO,CAJAMAR,CAJAMAR
Região Metropolitana de São Paulo,São Paulo,SAO PAULO,FRANCISCO MORATO,FRANCISCO MORATO
Região Metropolitana de São Paulo,São Paulo,SAO PAULO,FRANCO DA ROCHA,FRANCO DA ROCHA
Região Metropolitana de São Paulo,São Paulo,SAO PAULO,MAIRIPORÃ,MAIRIPORA
Região Metropolitana de São Paulo,São Paulo,SAO PAULO,BARUERI,BARUERI
Região Metropolitana de São Paulo,São Paulo,SAO PAULO,CARAPICUÍBA,CARAPICUIBA
Região Metropolitana de São Paulo,São Paulo,SAO PAULO,ITAPEVI,ITAPEVI
Região Metropolitana de São Paulo,São Paulo,SAO PAULO,JANDIRA,JANDIRA
Região Metropolitana de São Paulo,São Paulo,SAO PAULO,OSASCO,OSASCO
Região Metropolitana de São Paulo,São Paulo,SAO PAULO,PIRAPORA DO BOM JESUS,PIRAPORA DO BOM JESUS
Região Metropolitana de São Paulo,São Paulo,SAO PAULO,SANTANA DE PARNAÍBA,SANTANA DE PARNAIBA
Região Metropolitana de São Paulo,São Paulo,SAO PAULO,DIADEMA,DIADEMA
Região Metropolitana de São Paulo,São Paulo,SAO PAULO,MAUÁ,MAUA
Região Metropolitana de São Paulo,São Paulo,SAO PAULO,RIBEIRÃO PIRES,RIBEIRAO PIRES
Região Metropolitana de São Paulo,São Paulo,SAO PAULO,RIO GRANDE DA SERRA,RIO GRANDE DA SERRA
Região Metropolitana de São Paulo,São Paulo,SAO PAULO,SANTO ANDRÉ,SANTO ANDRE
Região Metropolitana de São Paulo,São Paulo,SAO PAULO,SÃO BERNARDO DO CAMPO,SAO BERNARDO DO CAMPO
Região Metropolitana de São Paulo,São Paulo,SAO PAULO,SÃO CAETANO DO SUL,SAO CAETANO DO SUL
Região Metropolitana de São Paulo,São Paulo,SAO PAULO,COTIA,COTIA
Região Metropolitana de São Paulo,São Paulo,SAO PAULO,EMBU DAS ARTES,EMBU DAS ARTES
Região Metropolitana de São Paulo,São Paulo,SAO PAULO,EMBU-GUAÇU,EMBU-GUACU
Região Metropolitana de São Paulo,São Paulo,SAO PAULO,ITAPECERICA DA SERRA,ITAPECERICA DA SERRA
Região Metropolitana de São Paulo,São Paulo,SAO PAULO,JUQUITIBA,JUQUITIBA
Região Metropolitana de São Paulo,São Paulo,SAO PAULO,SÃO LOURENÇO DA SERRA,SAO LOURENCO DA SERRA
Região Metropolitana de São Paulo,São Paulo,SAO PAULO,TABOÃO DA SERRA,TABOAO DA SERRA
Região Metropolitana de São Paulo,São Paulo,SAO PAULO,VARGEM GRANDE PAULISTA,VARGEM GRANDE PAULISTA
Região Metropolitana de São Paulo,São Paulo,SAO PAULO,SÃO PAULO,SAO PAULO
Região Metropolitana de Curitiba,Curitiba,PARANA,ADRIANÓPOLIS,ADRIANOPOLIS
Região Metropolitana de Curitiba,Curitiba,PARANA,AGUDOS DO SUL,AGUDOS DO SUL
Região Metropolitana de Curitiba,Curitiba,PARANA,ALMIRANTE TAMANDARÉ,ALMIRANTE TAMANDARE
Região Metropolitana de Curitiba,Curitiba,PARANA,ARAUCÁRIA,ARAUCARIA
Região Metropolitana de Curitiba,Curitiba,PARANA,BALSA NOVA,BALSA NOVA
Região Metropolitana de Curitiba,Curitiba,PARANA,BOCAIÚVA DO SUL,BOCAIUVA DO SUL
Região Metropolitana de Curitiba,Curitiba,PARANA,CAMPINA GRANDE DO SUL,CAMPINA GRANDE DO SUL
Região Metropolitana de Curitiba,Curitiba,PARANA,CAMPO DO TENENTE,CAMPO DO TENENTE
Região Metropolitana de Curitiba,Curitiba,PARANA,CAMPO LARGO,CAMPO LARGO
Região Metropolitana de Curitiba,Curitiba,PARANA,CAMPO MAGRO,CAMPO MAGRO
Região Metropolitana de Curitiba,Curitiba,PARANA,CERRO AZUL,CERRO AZUL
Região Metropolitana de Curitiba,Curitiba,PARANA,COLOMBO,COLOMBO
Região Metropolitana de Curitiba,Curitiba,PARANA,CONTENDA,CONTENDA
Região Metropolitana de Curitiba,Curitiba,PARANA,CURITIBA,CURITIBA
Região Metropolitana de Curitiba,Curitiba,PARANA,DOUTOR ULYSSES,DOUTOR ULYSSES
Região Metropolitana de Curitiba,Curitiba,PARANA,FAZENDA RIO GRANDE,FAZENDA RIO GRANDE
Região Metropolitana de Curitiba,Curitiba,PARANA,ITAPERUÇU,ITAPERUCU
Região Metropolitana de Curitiba,Curitiba,PARANA,LAPA,LAPA
Região Metropolitana de Curitiba,Curitiba,PARANA,MANDIRITUBA,MANDIRITUBA
Região Metropolitana de Curitiba,Curitiba,PARANA,PIÊN,PIEN
Região Metropolitana de Curitiba,Curitiba,PARANA,PINHAIS,PINHAIS
Região Metropolitana de Curitiba,Curitiba,PARANA,PIRAQUARA,PIRAQUARA
Região Metropolitana de Curitiba,Curitiba,PARANA,QUATRO BARRAS,QUATRO BARRAS
Região Metropolitana de Curitiba,Curitiba,PARANA,QUITANDINHA,QUITANDINHA
Região Metropolitana de Curitiba,Curitiba,PARANA,RIO BRANCO DO SUL,RIO BRANCO DO SUL
Região Metropolitana de Curitiba,Curitiba,PARANA,RIO NEGRO,RIO NEGRO
Região Metropolitana de Curitiba,Curitiba,PARANA,SÃO JOSÉ DOS PINHAIS,SAO JOSE DOS PINHAIS
Região Metropolitana de Curitiba,Curitiba,PARANA,TIJUCAS DO SUL,TIJUCAS DO SUL
Região Metropolitana de Curitiba,Curitiba,PARANA,TUNAS DO PARANÁ,TUNAS DO PARANA
Região Metropolitana de Porto Alegre,Porto Alegre,RIO GRANDE DO SUL,ALVORADA,ALVORADA
Região Metropolitana de Porto Alegre,Porto Alegre,RIO GRANDE DO SUL,ARARICÁ,ARARICA
Região Metropolitana de Porto Alegre,Porto Alegre,RIO GRANDE DO SUL,ARROIO DOS RATOS,ARROIO DOS RATOS
Região Metropolitana de Porto Alegre,Porto Alegre,RIO GRANDE DO SUL,CACHOEIRINHA,CACHOEIRINHA
Região Metropolitana de Porto Alegre,Porto Alegre,RIO GRANDE DO SUL,CAMPO BOM,CAMPO BOM
Região Metropolitana de Porto Alegre,Porto Alegre,RIO GRANDE DO SUL,CANOAS,CANOAS
Região Metropolitana de Porto Alegre,Porto Alegre,RIO GRANDE DO SUL,CAPELA DE SANTANA,CAPELA DE SANTANA
Região Metropolitana de Porto Alegre,Porto Alegre,RIO GRANDE DO SUL,CHARQUEADAS,CHARQUEADAS
Região Metropolitana de Porto Alegre,Porto Alegre,RIO GRANDE DO SUL,DOIS IRMÃOS,DOIS IRMAOS
Região Metropolitana de Porto Alegre,Porto Alegre,RIO GRANDE DO SUL,ELDORADO DO SUL,ELDORADO DO SUL
Região Metropolitana de Porto Alegre,Porto Alegre,RIO GRANDE DO SUL,ESTÂNCIA VELHA,ESTANCIA VELHA
Região Metropolitana de Porto Alegre,Porto Alegre,RIO GRANDE DO SUL,ESTEIO,ESTEIO
Região Metropolitana de Porto Alegre,Porto Alegre,RIO GRANDE DO SUL,GLORINHA,GLORINHA
Região Metropolitana de Porto Alegre,Porto Alegre,RIO GRANDE DO SUL,GRAVATAÍ,GRAVATAI
Região Metropolitana de Porto Alegre,Porto Alegre,RIO GRANDE DO SUL,GUAÍBA,GUAIBA
Região Metropolitana de Porto Alegre,Porto Alegre,RIO GRANDE DO SUL,IGREJINHA,IGREJINHA
Região Metropolitana de Porto Alegre,Porto Alegre,RIO GRANDE DO SUL,IVOTI,IVOTI
Região Metropolitana de Porto Alegre,Porto Alegre,RIO GRANDE DO SUL,MONTENEGRO,MONTENEGRO
Região Metropolitana de Porto Alegre,Porto Alegre,RIO GRANDE DO SUL,NOVA HARTZ,NOVA HARTZ
Região Metropolitana de Porto Alegre,Porto Alegre,RIO GRANDE DO SUL,NOVA SANTA RITA,NOVA SANTA RITA
Região Metropolitana de Porto Alegre,Porto Alegre,RIO GRANDE DO SUL,NOVO HAMBURGO,NOVO HAMBURGO
Região Metropolitana de Porto Alegre,Porto Alegre,RIO GRANDE DO SUL,PAROBÉ,PAROBE
Região Metropolitana de Porto Alegre,Porto Alegre,RIO GRANDE DO SUL,PORTÃO,PORTAO
Região Metropolitana de Porto Alegre,Porto Alegre,RIO GRANDE DO SUL,PORTO ALEGRE,PORTO ALEGRE
Região Metropolitana de Porto Alegre,Porto Alegre,RIO GRANDE DO SUL,ROLANTE,ROLANTE
Região Metropolitana de Porto Alegre,Porto Alegre,RIO GRANDE DO SUL,SANTO ANTÔNIO DA PATRULHA,SANTO ANTONIO DA PATRULHA
Região Metropolitana de Porto Alegre,Porto Alegre,RIO GRANDE DO SUL,SÃO JERÔNIMO,SAO JERONIMO
Região Metropolitana de Porto Alegre,Porto Alegre,RIO GRANDE DO SUL,SÃO LEOPOLDO,SAO LEOPOLDO
Região Metropolitana de Porto Alegre,Porto Alegre,RIO GRANDE DO SUL,SÃO SEBASTIÃO DO CAÍ,SAO SEBASTIAO DO CAI
Região Metropolitana de Porto Alegre,Porto Alegre,RIO GRANDE DO SUL,SAPIRANGA,SAPIRANGA
Região Metropolitana de Porto Alegre,Porto Alegre,RIO GRANDE DO SUL,SAPUCAIA DO SUL,SAPUCAIA DO SUL
Região Metropolitana de Porto Alegre,Porto Alegre,RIO GRANDE DO SUL,TAQUARA,TAQUARA
Região Metropolitana de Porto Alegre,Porto Alegre,RIO GRANDE DO SUL,TRIUNFO,TRIUNFO
Região Metropolitana de Porto Alegre,Porto Alegre,RIO GRANDE DO SUL,VIAMÃO,VIAMAO
Região Metropolitana de Florianópolis,Florianópolis,SANTA CATARINA,ALFREDO WAGNER,ALFREDO WAGNER
Região Metropolitana de Florianópolis,Florianópolis,SANTA CATARINA,ANGELINA,ANGELINA
Região Metropolitana de Florianópolis,Florianópolis,SANTA CATARINA,ANITÁPOLIS,ANITAPOLIS
Região Metropolitana de Florianópolis,Florianópolis,SANTA CATARINA,CANELINHA,CANELINHA
Região Metropolitana de Florianópolis,Florianópolis,SANTA CATARINA,GAROPABA,GAROPABA
Região Metropolitana de Florianópolis,Florianópolis,SANTA CATARINA,LEOBERTO LEAL,LEOBERTO LEAL
Região Metropolitana de Florianópolis,Florianópolis,SANTA CATARINA,MAJOR GERCINO,MAJOR GERCINO
Região Metropolitana de Florianópolis,Florianópolis,SANTA CATARINA,NOVA TRENTO,NOVA TRENTO
Região Metropolitana de Florianópolis,Florianópolis,SANTA CATARINA,PAULO LOPES,PAULO LOPES
Região Metropolitana de Florianópolis,Florianópolis,SANTA CATARINA,RANCHO QUEIMADO,RANCHO QUEIMADO
Região Metropolitana de Florianópolis,Florianópolis,SANTA CATARINA,SÃO BONIFÁCIO,SAO BONIFACIO
Região Metropolitana de Florianópolis,Florianópolis,SANTA CATARINA,SÃO JOÃO BATISTA,SAO JOAO BATISTA
Região Metropolitana de Florianópolis,Florianópolis,SANTA CATARINA,TIJUCAS,TIJUCAS
Região Metropolitana de Florianópolis,Florianópolis,SANTA CATARINA,ÁGUAS MORNAS,AGUAS MORNAS
Região Metropolitana de Florianópolis,Florianópolis,SANTA CATARINA,ANTÔNIO CARLOS,ANTONIO CARLOS
Região Metropolitana de Florianópolis,Florianópolis,SANTA CATARINA,BIGUAÇU,BIGUACU
Região Metropolitana de Florianópolis,Florianópolis,SANTA CATARINA,FLORIANÓPOLIS,FLORIANOPOLIS
Região Metropolitana de Florianópolis,Florianópolis,SANTA CATARINA,GOVERNADOR CELSO RAMOS,GOVERNADOR CELSO RAMOS
Região Metropolitana de Florianópolis,Florianópolis,SANTA CATARINA,PALHOÇA,PALHOCA
Região Metropolitana de Florianópolis,Florianópolis,SANTA CATARINA,SANTO AMARO DA IMPERATRIZ,SANTO AMARO DA IMPERATRIZ
Região Metropolitana de Florianópolis,Florianópolis,SANTA CATARINA,SÃO JOSÉ,SAO JOSE
Região Metropolitana de Florianópolis,Florianópolis,SANTA CATARINA,SÃO PEDRO DE ALCÂNTARA,SAO PEDRO DE ALCANTARA
